"coordinate","albers","wgs84"
"xmax",2093434.36346256,-72
"xmin",-176308.119342372,-98
"ymax",3739414.48669751,55
"ymin",1552611.46326629,37
