"coordinate","albers","wgs84"
"xmax",2233103.89840345,-72
"xmin",-188071.026011259,-98
"ymax",3739414.48669751,55
"ymin",993760.651776108,32
